{"MinByteFileSize":3878.34655166386,"Entropy":3.4550971507027706,"MinBitFileSize":31026.77241331088,"ID":1,"Result":2.321928}